{
	"class_name" : "PinholeCameraParameters",
	"extrinsic" : 
	[
		0.69710582681908861,
		-0.015097134340084889,
		0.71680927920165227,
		0.0,
		0.035717120263118379,
		-0.99780566585282204,
		-0.055750699655847523,
		0.0,
		0.71607803592554409,
		0.064466500810296881,
		-0.69503691753624941,
		0.0,
		-0.1086649020881657,
		0.25051876994314115,
		1.0360210267961869,
		1.0
	],
	"intrinsic" : 
	{
		"height" : 1009,
		"intrinsic_matrix" : 
		[
			873.8196324184986,
			0.0,
			0.0,
			0.0,
			873.8196324184986,
			0.0,
			959.5,
			504.0,
			1.0
		],
		"width" : 1920
	},
	"version_major" : 1,
	"version_minor" : 0
}